{"cameraMode":{"drawMode":0,"name":"Shaded","section":"Shading Mode"},"sceneLighting":false,"audioPlay":false,"sceneViewState":{"m_AlwaysRefresh":false,"showFog":true,"showSkybox":false,"showFlares":true,"showImageEffects":true,"showParticleSystems":true,"showVisualEffectGraphs":true,"m_FxEnabled":true},"in2DMode":false,"pivot":{"x":-0.5822829008102417,"y":1.2975082397460938,"z":-0.02156146802008152},"rotation":{"x":0.09368590265512467,"y":0.8941854238510132,"z":-0.2234688103199005,"w":0.3758327066898346},"size":0.7228416204452515,"orthographic":false}