{"cameraMode":{"drawMode":0,"name":"Shaded","section":"Shading Mode"},"sceneLighting":false,"audioPlay":false,"sceneViewState":{"m_AlwaysRefresh":false,"showFog":true,"showSkybox":false,"showFlares":true,"showImageEffects":true,"showParticleSystems":true,"showVisualEffectGraphs":true,"m_FxEnabled":true},"in2DMode":false,"pivot":{"x":1.5345020294189454,"y":1.1976041793823243,"z":2.6940979957580568},"rotation":{"x":0.11252747476100922,"y":0.7182647585868836,"z":-0.1200152114033699,"w":0.6757057905197144},"size":0.44151797890663149,"orthographic":false}