{"cameraMode":{"drawMode":0,"name":"Shaded","section":"Shading Mode"},"sceneLighting":false,"audioPlay":false,"sceneViewState":{"m_AlwaysRefresh":false,"showFog":true,"showSkybox":false,"showFlares":true,"showImageEffects":true,"showParticleSystems":true,"showVisualEffectGraphs":true,"m_FxEnabled":true},"in2DMode":false,"pivot":{"x":6.324178695678711,"y":0.8980893492698669,"z":5.860142707824707},"rotation":{"x":-0.07297080010175705,"y":0.8910366296768189,"z":-0.15401773154735566,"w":-0.42014771699905398},"size":1.0228575468063355,"orthographic":false}